Workbook

Sheet README
A1: TurkCuisineBench-Dev v0.1
A3: Sürüm | B3: v0.1
A4: Amaç | B4: Prompt, parser, accepted-answer normalizasyonu ve scoring hattını test eden geliştirme seti
A5: Kapsam | B5: 36 Türkçe kısa-yanıt maddesi; L0 ağırlıklı, birkaç L1, L2 yok
A6: Kaynak politikası | B6: Fact havuzu; resmî/kurumsal kaynak öncelikli
A7: Leaderboard kullanımı | B7: Dev maddeleri ana Test leaderboard sonucuna dahil edilmemelidir
A8: Accepted answers ayırıcı | B8: Birden fazla kabul edilen biçim ' | ' ile ayrılır
A10: Alan | B10: İzin verilen değerler | C10: Yorum | D10: QA kuralı
A11: lexical_leakage | B11: L0 | L1 | L2 | C11: L0: yok; L1: bağlamsal ipucu; L2: doğrudan sızıntı | D11: L2 = 0
A12: ambiguity_risk | B12: low | medium | high | C12: Birden fazla makul yanıt olasılığı | D12: medium çoğunlukla review_required
A13: temporal_stability | B13: high | medium | low | C13: Olgunun zaman içinde değişmeme gücü | D13: Bu sürümde high
A14: numeric_answer | B14: TRUE | FALSE | C14: Gold yanıtın sayısal değer/aralık olması | D14: TRUE = 2
A15: item_status | B15: dev_ready | review_required | C15: İnsan hakemi kararı bekleyen sınır vakaları | D15: REVIEW notu zorunlu
A16: source_url | B16: Düz HTTPS URL | C16: Satır düzeyinde provenance | D16: Her satırda dolu
A18: Dev case type | B18: Hedef | C18: Tasarım amacı
A19: clear_single_word | B19: 8 | C19: Kısa ve katı eşleştirme
A20: multi_word_accepted | B20: 6 | C20: Yüzey biçimi normalizasyonu
A21: local_terminology | B21: 8 | C21: Düşük görünürlüklü yerel kavramlar
A22: technical_culinary | B22: 6 | C22: Malzeme, araç ve üretim tekniği
A23: cultural_heritage | B23: 6 | C23: Ritüel, aktarım ve miras
A24: numeric_answer | B24: 2 | C24: Yüzde ve aralık parser testi

Sheet Dev_Items
A1: item_id | B1: source_fact_id | C1: knowledge_domain | D1: knowledge_specificity | E1: question_tr | F1: gold_answer | G1: accepted_answers | H1: source_url | I1: source_type | J1: lexical_leakage | K1: ambiguity_risk | L1: temporal_stability | M1: numeric_answer | N1: dev_case_type | O1: item_status | P1: notes
A2: D001 | B2: F014 | C2: K3 — Preparation & Cooking Techniques | D2: Technical | E2: Adana Kebabı için et geleneksel olarak hangi araçla kıyılır? | F2: Zırh | G2: zırh | H2: https://ci.turkpatent.gov.tr/Files/GeographicalSigns/493a7cc8-b7da-4f95-bf8c-f82617bc990a.pdf | I2: TÜRKPATENT tescil belgesi | J2: L0 | K2: low | L2: high | M2: FALSE | N2: clear_single_word | O2: dev_ready | P2: Kaynakta açıkça tanımlı araç adı.
A3: D002 | B3: F017 | C3: K3 — Preparation & Cooking Techniques | D3: Local/Technical | E3: Maraş Tarhanasının kurutulmak üzere serildiği geleneksel sergiye ne ad verilir? | F3: Çığ | G3: çığ | H3: https://ci.turkpatent.gov.tr/Files/GeographicalSigns/8c3d053b-bb27-4305-a46f-398c181d189e.pdf | I3: TÜRKPATENT tescil belgesi | J3: L0 | K3: low | L3: high | M3: FALSE | N3: clear_single_word | O3: dev_ready | P3: Yerel üretim terminolojisi.
A4: D003 | B4: F019 | C4: K3 — Preparation & Cooking Techniques | D4: General | E4: UNESCO tanımına göre Türk kahvesi hazırlanırken öğütülmüş kahveye başlangıçta hangi sıcaklıktaki su eklenir? | F4: Soğuk | G4: soğuk | soğuk su | H4: https://ich.unesco.org/en/RL/turkish-coffee-culture-and-tradition-00645 | I4: UNESCO ICH kaydı | J4: L0 | K4: low | L4: high | M4: FALSE | N4: clear_single_word | O4: dev_ready | P4: Gold tek kelime; 'soğuk su' da kabul edilir.
A5: D004 | B5: F028 | C5: K5 — Culinary Terminology & Traditional Practices | D5: General/Heritage | E5: UNESCO'ya göre Türk kahvesine geleneksel olarak hangi içecek eşlik eder? | F5: Su | G5: su | bir bardak su | H5: https://ich.unesco.org/en/RL/turkish-coffee-culture-and-tradition-00645 | I5: UNESCO ICH kaydı | J5: L0 | K5: low | L5: high | M5: FALSE | N5: clear_single_word | O5: dev_ready | P5: Kaynak bir bardak suyu belirtir.
A6: D005 | B6: F056 | C6: K2 — Ingredients & Composition | D6: Regional | E6: Antalya Piyazını diğer piyazlardan ayıran karakteristik sos nedir? | F6: Tarator | G6: tarator | tarator sosu | H6: https://ci.turkpatent.gov.tr/Files/GeographicalSigns/315.pdf | I6: TÜRKPATENT tescil belgesi | J6: L0 | K6: low | L6: high | M6: FALSE | N6: clear_single_word | O6: dev_ready | P6: Ayırt edici sos.
A7: D006 | B7: F060 | C7: K3 — Preparation & Cooking Techniques | D7: Local/Technical | E7: Tarsus Humusunda pişmiş nohut geleneksel olarak hangi araçla ezilir? | F7: Tokmak | G7: tokmak | H7: https://ci.turkpatent.gov.tr/Files/GeographicalSigns/226.pdf | I7: TÜRKPATENT tescil belgesi | J7: L0 | K7: low | L7: high | M7: FALSE | N7: clear_single_word | O7: dev_ready | P7: Geleneksel araç bilgisi.
A8: D007 | B8: F065 | C8: K2 — Ingredients & Composition | D8: Local | E8: Erzincan Kesme Kadayıfında yufka katlarının arasına hangi kuruyemiş konur? | F8: Ceviz | G8: ceviz | ceviz içi | H8: https://ci.turkpatent.gov.tr/Files/GeographicalSigns/5212ffda-73e7-4b2a-955b-49d1d24c8dd8.pdf | I8: TÜRKPATENT tescil belgesi | J8: L0 | K8: low | L8: high | M8: FALSE | N8: clear_single_word | O8: dev_ready | P8: İç malzeme.
A9: D008 | B9: F068 | C9: K2 — Ingredients & Composition | D9: Local | E9: Diyarbakır Kaburga Dolmasının pirinçli iç harcında hangi kuruyemiş kullanılır? | F9: Badem | G9: badem | badem içi | H9: https://ci.turkpatent.gov.tr/Files/GeographicalSigns/ffe64b55-cc1a-4e1f-90ff-1f9a90128a25.pdf | I9: TÜRKPATENT tescil belgesi | J9: L0 | K9: low | L9: high | M9: FALSE | N9: clear_single_word | O9: dev_ready | P9: İç harç bileşeni.
A10: D009 | B10: F009 | C10: K2 — Ingredients & Composition | D10: Regional | E10: Maraş Tarhanasının iki temel bileşeni nedir? | F10: Yoğurt ve dövme | G10: yoğurt ve dövme | yoğurt ve buğday yarması | yoğurt ile dövme | yoğurt ile buğday yarması | H10: https://ci.turkpatent.gov.tr/Files/GeographicalSigns/8c3d053b-bb27-4305-a46f-398c181d189e.pdf | I10: TÜRKPATENT tescil belgesi | J10: L0 | K10: medium | L10: high | M10: FALSE | N10: multi_word_accepted | O10: review_required | P10: REVIEW: İki bileşenin de zorunlu olduğu scoring kuralı onaylanmalı.
A11: D010 | B11: F031 | C11: K5 — Culinary Terminology & Traditional Practices | D11: General/Heritage | E11: UNESCO tanımına göre çay geleneksel olarak hangi biçimdeki bardaklarda servis edilir? | F11: Armut biçimli bardak | G11: armut biçimli bardak | armut şeklinde bardak | armut biçimli bardaklar | armut şeklinde bardaklar | H11: https://ich.unesco.org/en/RL/culture-of-cay-tea-a-symbol-of-identity-hospitality-and-social-interaction-01685 | I11: UNESCO ICH kaydı | J11: L0 | K11: medium | L11: high | M11: FALSE | N11: multi_word_accepted | O11: review_required | P11: REVIEW: 'İnce belli bardak' kabul listesine eklenmeli mi doğrulanmalı.
A12: D011 | B12: F083 | C12: K5 — Culinary Terminology & Traditional Practices | D12: Regional/Heritage | E12: UNESCO kaydına göre Türkiye'de düğünlerde yassı ekmek kimlere verilir? | F12: Çiftin komşularına | G12: çiftin komşularına | yeni evli çiftin komşularına | komşulara | H12: https://ich.unesco.org/en/RL/flatbread-making-and-sharing-culture-lavash-katyrma-jupka-yufka-01181 | I12: UNESCO ICH kaydı | J12: L0 | K12: low | L12: high | M12: FALSE | N12: multi_word_accepted | O12: dev_ready | P12: Türkiye'ye özgü düğün bağlamı.
A13: D012 | B13: F087 | C13: K5 — Culinary Terminology & Traditional Practices | D13: Local/Heritage | E13: Törensel Keşkek geleneğinde buğday taşınırken hangi iki çalgı çalınır? | F13: Davul ve zurna | G13: davul ve zurna | zurna ve davul | H13: https://ich.unesco.org/en/RL/ceremonial-keskek-tradition-00388 | I13: UNESCO ICH kaydı | J13: L0 | K13: low | L13: high | M13: FALSE | N13: multi_word_accepted | O13: dev_ready | P13: İki çalgı da gerekli; sıra önemsiz.
... A37: D036 | B37: F088 | C37: K3 — Preparation & Cooking Techniques | D37: Local/Heritage | E37: Törensel Keşkek hazırlığında buğday taş havanda kaç kişi tarafından dövülür? | F37: 2–4 kişi | G37: 2-4 | 2–4 | 2 ila 4 | iki ila dört | iki-dört kişi | H37: https://ich.unesco.org/en/RL/ceremonial-keskek-tradition-00388 | I37: UNESCO ICH kaydı | J37: L0 | K37: medium | L37: high | M37: TRUE | N37: numeric_answer | O37: review_required | P37: REVIEW: Parser sayısal aralığı tek değer değil aralık olarak değerlendirmeli.

Sheet QA_Summary
A1: TurkCuisineBench-Dev v0.1 — QA Summary
A3: Kontrol | B3: Hedef | C3: Gerçekleşen | D3: Sonuç
A4: clear_single_word | B4: 8 | C4: =COUNTIF(Dev_Items!$N$2:$N$37,A4) -> 8 | D4: =IF(B4=C4,"PASS","CHECK") -> PASS
A5: multi_word_accepted | B5: 6 | C5: =COUNTIF(Dev_Items!$N$2:$N$37,A5) -> 6 | D5: =IF(B5=C5,"PASS","CHECK") -> PASS
A6: local_terminology | B6: 8 | C6: =COUNTIF(Dev_Items!$N$2:$N$37,A6) -> 8 | D6: =IF(B6=C6,"PASS","CHECK") -> PASS
A7: technical_culinary | B7: 6 | C7: =COUNTIF(Dev_Items!$N$2:$N$37,A7) -> 6 | D7: =IF(B7=C7,"PASS","CHECK") -> PASS
A8: cultural_heritage | B8: 6 | C8: =COUNTIF(Dev_Items!$N$2:$N$37,A8) -> 6 | D8: =IF(B8=C8,"PASS","CHECK") -> PASS
A9: numeric_answer | B9: 2 | C9: =COUNTIF(Dev_Items!$N$2:$N$37,A9) -> 2 | D9: =IF(B9=C9,"PASS","CHECK") -> PASS
A11: Ek kontrol | B11: Beklenen | C11: Gerçekleşen | D11: Sonuç
A12: Toplam item | B12: 36 | C12: =COUNTA(Dev_Items!$A$2:$A$37) -> 36 | D12: =IF(B12=C12,"PASS","CHECK") -> PASS
A13: L2 lexical leakage | B13: 0 | C13: =COUNTIF(Dev_Items!$J$2:$J$37,"L2") -> 0 | D13: =IF(B13=C13,"PASS","CHECK") -> PASS
A14: L1 boundary case | B14: >= 2 | C14: =COUNTIF(Dev_Items!$J$2:$J$37,"L1") -> 4 | D14: =IF(C14>=2,"PASS","CHECK") -> PASS
A15: numeric_answer satırı | B15: 2 | C15: =COUNTIF(Dev_Items!$N$2:$N$37,"numeric_answer") -> 2 | D15: =IF(B15=C15,"PASS","CHECK") -> PASS
A16: review_required | B16: flagged | C16: =COUNTIF(Dev_Items!$O$2:$O$37,"review_required") -> 7 | D16: =IF(C16>0,"PASS","CHECK") -> PASS
A17: source_url dolu | B17: 36 | C17: =COUNTA(Dev_Items!$H$2:$H$37) -> 36 | D17: =IF(B17=C17,"PASS","CHECK") -> PASS
